,mean,std
homo,-0.2407569901382627,0.022111486552195372
lumo,0.009118378255430423,0.046277832362617496
r2,1205.2544294991028,281.9787000678099
