,mean,std
homo,-0.24054163513405008,0.022429243673843823
lumo,0.008565034216246629,0.04633912649620098
r2,1205.4088067667496,281.99194179573584
