epoch,loss,val_loss,val_x_pred_categorical_accuracy,val_x_pred_loss,val_x_pred_vae_anneal_metric,val_z_mean_log_var_loss,x_pred_categorical_accuracy,x_pred_loss,x_pred_vae_anneal_metric,z_mean_log_var_loss
0,3.1390750408172607,6.317184925079346,0.6080687642097473,6.317184925079346,3.7017207432654686e-07,0.19481469690799713,0.3806216948562198,3.1390748023986816,3.7017207432654686e-07,0.8374515639411079
1,1.876184927092658,9.674057006835938,0.3998015820980072,9.674057006835938,6.168544928186748e-07,0.3111470341682434,0.6280643807517158,1.8761843707826402,6.168544928186748e-07,0.9232359925905863
2,1.5657652881410387,7.130552291870117,0.5576058030128479,7.130551815032959,1.0279256912326673e-06,0.4014860987663269,0.6269547343254089,1.565764241748386,1.0279256912326673e-06,0.9958078795009189
