epoch,loss,val_loss,val_x_pred_categorical_accuracy,val_x_pred_loss,val_x_pred_vae_anneal_metric,val_z_mean_log_var_loss,x_pred_categorical_accuracy,x_pred_loss,x_pred_vae_anneal_metric,z_mean_log_var_loss
0,1.2731024186982527,6.727084771551267,0.5826354147207857,6.727084294714109,3.7017207432654686e-07,0.8296976721648014,0.5990922709056608,1.2731020642995297,3.7017207432654686e-07,0.943564570111561
1,0.684126525040943,4.815940741336707,0.7012091002078972,4.815940264499549,6.168544928186748e-07,0.854896483397243,0.7727543650443075,0.6841259289944952,6.168544928186748e-07,0.9705198722687586
2,0.5104695368499303,4.010446863945084,0.7511836398731578,4.010445915087305,1.0279256912326673e-06,0.8428229954507616,0.8268081897672089,0.510468576179132,1.0279256912326673e-06,0.9422180121154872
